{
  "version": "1.1.464",
  "data": {
    "event": {},
    "global": {
      "uniqueid": "hit_event_id",
      "uniqueidentifier": "hit_event_id",
      "feature": "hit_feature",
      "trigger": "hit_trigger",
      "interactive": "hit_engagement_interactive",
      "hit.interactive": "hit_engagement_interactive",
      "hit.user.initiated": "hit_engagement_userinitiated",
      "userinitiated": "hit_engagement_userinitiated",
      "desired": "hit_engagement_desired",
      "engagement.desired": "hit_engagement_desired",
      "useridentifier": "hit.userid",
      "label1": "hit_label_1",
      "label2": "hit_label_2",
      "label3": "hit_label_3",
      "label4": "hit_label_4",
      "label5": "hit_label_5",
      "label6": "hit_label_6",
      "metric1": "hit_metric_1",
      "metric2": "hit_metric_2",
      "metric3": "hit_metric_3",
      "metric4": "hit_metric_4",
      "metric5": "hit_metric_5",
      "metric6": "hit_metric_6",
      "screen": "hit_screen",
      "guid": "hit_guid",
      "uninstall.currentprocessname": "hit_label_1",
      "uninstall.callerprocessname": "hit_trigger",
      "event.success": "hit_label_1",
      "message.source": "hit_source",
      "message.severity": "hit_severity",
      "message.type": "hit_type",
      "ngm.session.id": "hit_session_id",
      "ngm.message.id": "hit_guid",
      "messageid": "hit_guid",
      "cohort.name": "hit_category_1",
      "cohortid": "product_ngm_cohort_id",
      "ngm.target.segment.name": "hit_category_2",
      "ngm.experiment.name": "hit_label_0",
      "additionalinfo": "hit_label_1",
      "ngm.target.segment.id": "hit_label_2",
      "targetsegmentid": "hit_category_2",
      "tertiary.category": "hit_category_2",
      "ngm.experiment.id": "hit_label_3",
      "experimentid": "hit_category_1",
      "ngm.viewer.type": "hit_label_4",
      "duration.seconds": "hit_duration_seconds",
      "size.inbytes": "hit_size_inbytes",
      "app.id": "hit_app_id",
      "session.id": "hit_session_id",
      "sessionid": "hit_session_id",
      "scan.clean": "hit_result",
      "scan.size": "hit_size_inbytes",
      "email.spam": "hit_metric_0",
      "windows.updates": "hit_metric_1",
      "program.updates": "hit_metric_2",
      "hit.date": "hit_date",
      "url.clicksrc": "hit_trigger",
      "url.resolution": "hit_label_1",
      "url.destination": "hit_label_2",
      "url.status": "hit_result",
      "element.source": "hit_source",
      "element.state": "hit_label_3",
      "onlinestatus": "hit_label_4",
      "registration.iprpending": "hit_label_5",
      "setting.stpenabled": "wss.stp.enabled",
      "email.scanned": "hit_metric_1",
      "count.shredfile": "hit_metric_0",
      "scan.tracker": "hit_metric_1",
      "scan.nottracker": "hit_metric_2",
      "mqs.ieclean": "hit_metric_1",
      "mqs.ffclean": "hit_metric_2",
      "mqs.chromeclean": "hit_metric_3",
      "mqs.safariclean": "hit_metric_4",
      "mqs.edgeclean": "hit_metric_5",
      "mqs.systemfilesclean": "hit_metric_6",
      "sites.blocked": "hit_metric_0",
      "engagement.userinitiated": "hit_engagement_userinitiated",
      "action.timeelapsed": "hit_duration_seconds",
      "alert.id": "hit_guid",
      "alert.action.id": "hit_label_1",
      "alert.state": "hit_label_2",
      "engagement.interactive": "hit_engagement_interactive",
      "hit.uniqueid":"hit_event_id",
      "hit.type":"hit_type",
      "event.category":"hit_category_0",
      "hit.category.1":"hit_category_1",
      "sub.category":"hit_category_1",
      "hit.category.2":"hit_category_2",
      "hit.screen":"hit_screen",
      "event.action":"hit_action",
      "event.label":"hit_label_0",
      "hit.label.1":"hit_label_1",
      "hit.label.2":"hit_label_2",
      "hit.label.3":"hit_label_3",
      "hit.label.4":"hit_label_4",
      "hit.label.5":"hit_label_5",
      "hit.label.6":"hit_label_6",
      "hit.label.7":"hit_label_7",
      "hit.label.8":"hit_label_8",
      "hit.label.9":"hit_label_9",
      "hit.label.10":"hit_label_10",
      "hit.label.11":"hit_label_11",
      "hit.label.12":"hit_label_12",
      "hit.label.13":"hit_label_13",
      "hit.label.14":"hit_label_14",
      "hit.label.15":"hit_label_15",
      "hit.label.16":"hit_label_16",
      "hit.label.17":"hit_label_17",
      "hit.label.18":"hit_label_18",
      "hit.label.19":"hit_label_19",
      "hit.label.20":"hit_label_20",
      "hit.label.21":"hit_label_21",
      "hit.label.22":"hit_label_22",
      "hit.label.23":"hit_label_23",
      "hit.label.24":"hit_label_24",
      "hit.label.25":"hit_label_25",
      "hit.feature":"hit_feature",
      "hit.trigger":"hit_trigger",
      "hit.source":"hit_source",
      "hit.severity":"hit_severity",
      "hit.guid":"hit_guid",
      "hit.engagement.desired":"hit_engagement_desired",
      "hit.app.id":"hit_app_id",
      "hit.session.id":"hit_session_id",
      "hit.engagement.interactive":"hit_engagement_interactive",
      "hit.engagement.userinitiated":"hit_engagement_userinitiated",
      "hit.result":"hit_result",
      "event.value":"hit_metric_0",
      "hit.metric.1":"hit_metric_1",
      "hit.metric.2":"hit_metric_2",
      "hit.metric.3":"hit_metric_3",
      "hit.metric.4":"hit_metric_4",
      "hit.metric.5":"hit_metric_5",
      "hit.metric.6":"hit_metric_6",
      "hit.duration.seconds":"hit_duration_seconds",
      "hit.size.inbytes":"hit_size_inbytes"   
    },
    "damap":{
      "hit_event_id":"hit.uniqueid",
      "hit_type":"hit.type",
      "hit_category_0":"event.category",
      "hit_category_1":"hit.category.1",
      "hit_category_2":"hit.category.2",
      "hit_screen":"hit.screen",
      "hit_action":"event.action",
      "hit_label_0":"event.label",
      "hit_label_1":"hit.label.1",
      "hit_label_2":"hit.label.2",
      "hit_label_3":"hit.label.3",
      "hit_label_4":"hit.label.4",
      "hit_label_5":"hit.label.5",
      "hit_label_6":"hit.label.6",
      "hit_feature":"hit.feature",
      "hit_trigger":"hit.trigger",
      "hit_source":"hit.source",
      "hit_severity":"hit.severity",
      "hit_guid":"hit.guid",
      "hit_engagement_desired":"hit.engagement.desired",
      "hit_app_id":"hit.app.id",
      "hit_session_id":"hit.session.id",
      "hit_engagement_interactive":"hit.engagement.interactive",
      "hit_engagement_userinitiated":"hit.engagement.userinitiated",
      "hit_result":"hit.result",
      "hit_metric_0":"event.value",
      "hit_metric_1":"hit.metric.1",
      "hit_metric_2":"hit.metric.2",
      "hit_metric_3":"hit.metric.3",
      "hit_metric_4":"hit.metric.4",
      "hit_metric_5":"hit.metric.5",
      "hit_metric_6":"hit.metric.6",
      "hit_duration_seconds":"hit.duration.seconds",
      "hit_size_inbytes":"hit.size.inbytes"	
    },
    "profile": {
      "dictionary_default_csp": {
        "tracker.type": "t",
        "hit.userid": "cid",
        "hit_screen": "cd",
        "hit_category_0": "ec",
        "hit_action": "ea",
        "hit_label_0": "el",
        "hit_metric_0": "ev",
        "product_ngm_cohort_id": "NGM.Cohort.Id",
        "hit_guid": "GUID",
        "hit_event_id": "id",
        "hit_feature": "Hit.Feature",
        "hit_trigger": "Hit.Trigger",
        "hit_label_1": "Hit.Label.1",
        "hit_label_2": "Hit.Label.2",
        "hit_label_3": "Hit.Label.3",
        "hit_label_4": "Hit.Label.4",
        "hit_label_5": "Hit.Label.5",
        "hit_label_6": "Hit.Label.6",
        "hit_metric_1": "Hit.Metric.1",
        "hit_metric_2": "Hit.Metric.2",
        "hit_metric_3": "Hit.Metric.3",
        "hit_metric_4": "Hit.Metric.4",
        "hit_metric_5": "Hit.Metric.5",
        "hit_metric_6": "Hit.Metric.6",
        "hit_result": "Hit.Result",
        "hit_source": "Hit.Source",
        "hit_category_1": "Sub.Category",
        "hit_category_2": "Tertiary.Category",
        "message": "message",
        "analytics.content.version": "Analytics.Content.Version",
        "wss.hardware.id": "hw_id",
        "wss.software.id": "sw_id",
        "device.timezone.bias.hours": "timezone",
        "product_wss_release_internal_name": "WSS.Release.Name",
        "wss.segment.id": "segmentid",
        "wss.segment.type.id": "segmenttypeid",
        "wss.msc.version": "build_version",
        "product_wss_subscription_package_id": "pkg_id",
        "wss.product.key": "product_key",
        "wss.expiry.date.epoch": "expiry_date",
        "wss.extended.expiry.date.epoch": "ex_expiry_date",
        "wss.account.id": "accountid",
        "product_wss_subscription_trial": "WSS.IsTrial",
        "wss.affiliate.id": "affid",
        "wss.eula.accepted": "eula_accepted",
        "product_wss_culture_id": "culture",
        "wss.inproducttransaction": "WSS.InProductTransaction",
        "wss.stp.enabled": "WSS.STP.Enabled",
        "hit_engagement_desired": "Hit.Engagement.Desired",
        "app.id": "App.Id",
        "hit_session_id": "Session.Id",
        "vso_scan_id_2": "vso_scan_id_2",
        "vso_fixed_id_3": "vso_fixed_id_3",
        "vso_total_id_5": "vso_total_id_5",
        "fw_con_ver_id_6": "fw_con_ver_id_6",
        "fw_con_block_id_45": "fw_con_block_id_45",
        "vul_app_check_id_10": "vul_app_check_id_10",
        "vul_prg_upd_id_11": "vul_prg_upd_id_11",
        "vul_win_upd_id_12": "vul_win_upd_id_12",
        "vul_total_id_58": "vul_total_id_58",
        "qc_all_browser_id_15": "qc_all_browser_id_15",
        "qc_all_browser_id_16": "qc_all_browser_id_16",
        "qc_all_browser_id_17": "qc_all_browser_id_17",
        "qc_all_browser_id_18": "qc_all_browser_id_18",
        "qc_all_browser_id_19": "qc_all_browser_id_19",
        "qc_sys_file_id_20": "qc_sys_file_id_20",
        "firewall_blocked_33": "firewall_blocked_33",
        "qc_total_id_59": "qc_total_id_59",
        "shred_recycle_bin_id_27": "shred_recycle_bin_id_27",
        "shred_other_id_28": "shred_other_id_28",
        "shred_total_id_60": "shred_total_id_60",
        "ngm.wss.policyitem.scheduledtask.enabled": "NGM.WSS.PolicyItem.ScheduledTask.Enabled",
        "ngm.wss.message.subscriptionmilestone.enabled": "NGM.WSS.Message.SubscriptionMilestone.Enabled",
        "ngm.wss.message.registration.enabled": "NGM.WSS.Message.Registration.Enabled",
        "ngm.wss.message.preuninstall.enabled": "NGM.WSS.Message.PreUninstall.Enabled",
        "hit_size_inbytes": "Hit.Size.InBytes",
        "hit_duration_seconds": "Hit.Duration.Seconds",
        "csp.clientid": "ClientId",
        "device.os.type": "OSType",
        "device_os_version": "OSVersion",
        "product_wss_subscription_flex_package_id": "FlexPkgId",
        "product_wss_install_date": "InstallDate",
        "hit_date": "hit.date.iso",
        "mfe.mss.version": "MFE.MSS.Version",
        "device.cpu.utilized": "Device.CPU.Utilized",
        "device.user.folder.creation.date.incremental.hours": "Device.User.Folder.Creation.Date.Incremental.Hours",
        "device.user.folder.creation.date.incremental.days": "Device.User.Folder.Creation.Date.Incremental.Days",
        "device.user.folder.creation.date.incremental.minutes": "Device.User.Folder.Creation.Date.Incremental.Minutes",
        "mtm.scripts.folder.creationdate.iso": "MTM.Scripts.Folder.CreationDate.ISO",
        "mtm.service.version": "mtm.service.version",
        "mtm.system.serialnumber": "mtm.system.serialnumber",
        "product_wss_install_factory": "wss.isfactory",
        "wss.sustainability.version": "wss.sustainability.version",
        "wss.platform.systray.icon.status": "wss.platform.systray.icon.status",
        "device.os.bash.version": "device.os.bash.version",
        "device.microsoft.l3.featured.pc": "device.microsoft.l3.featured.pc",
        "wss.ngm.version": "wss_ngm_version",
        "wss.csp.version": "wss_csp_version",
        "wss.modcore.version": "wss_modcore_version",
        "device.os.architecture": "device_os_architecture",
        "wss.reboot.pending": "wss.reboot.pending",
        "wss.product.market.release.name": "wss.product.market.release.name",
        "wss.build.type": "wss.build.type",
        "wss.msk.content.version": "wss.msk.content.version",
        "product_wss_coreui_enabled_apps": "EnabledApps",
        "product_wss_coreui_disabled_apps": "DisabledApps",
        "product_wss_coreui_setup_apps": "SetupApps"
      },
      "dictionary_wss_mosaic": {
        "__queue.time.milliseconds": "qt",
        "hit_event_id": "eid",
        "analytics.content.version": "av",
        "hit.userid": "cid",
        "tracker.type": "t",
        "__caller.name": "pn",
        "__throttle_user_multiplier": "tmu",
        "hit_type": "hc0",
        "hit_category_0": "hc1",
        "hit_category_1": "hc2",
        "hit_category_2": "hc3",
        "hit_screen": "hc4",
        "hit_action": "hc5",
        "hit_label_0": "hc6",
        "hit_label_1": "hc7",
        "hit_label_2": "hc8",
        "hit_label_3": "hc9",
        "hit_label_4": "hc10",
        "hit_label_5": "hc11",
        "hit_label_6": "hc12",
        "hit_feature": "hc13",
        "hit_trigger": "hc14",
        "hit_source": "hc15",
        "hit_severity": "hc16",
        "hit_guid": "hc17",
        "hit_date": "hc18",
        "hit_engagement_desired": "hc19",
        "hit_app_id": "hc20",
        "hit_session_id": "hc21",
        "hit_engagement_interactive": "hc22",
        "hit_engagement_userinitiated": "hc23",
        "hit_result": "hc24",
        "hit_time_working_seconds": "hc25",
        "hit_time_internet_seconds": "hc26",
        "hit_label_7": "hc27",
        "hit_label_8": "hc28",
        "hit_label_9": "hc29",
        "hit_label_10": "hc30",
        "hit_label_11": "hc31",
        "hit_label_12": "hc32",
        "hit_label_13": "hc33",
        "hit_label_14": "hc34",
        "hit_label_15": "hc35",
        "hit_label_16": "hc36",
        "hit_label_17": "hc37",
        "hit_label_18": "hc38",
        "hit_label_19": "hc39",
        "hit_label_20": "hc40",
        "hit_label_21": "hc41",
        "hit_label_22": "hc42",
        "hit_label_23": "hc43",
        "hit_label_24": "hc44",
        "hit_label_25": "hc45",
        "hit_metric_0": "hm1",
        "hit_metric_1": "hm2",
        "hit_metric_2": "hm3",
        "hit_metric_3": "hm4",
        "hit_metric_4": "hm5",
        "hit_metric_5": "hm6",
        "hit_metric_6": "hm7",
        "hit_duration_seconds": "hm8",
        "hit_size_inbytes": "hm9",
        "device.cpu.model.description": "dc1",
        "device.disk.count": "dc2",
        "device.disk.primary.encrypted": "dc3",
        "device.disk.primary.size.available.gb": "dc4",
        "device.disk.primary.size.total.gb": "dc5",
        "device.disk.primary.type": "dc6",
        "device.manufacturer.id": "dc7",
        "device.manufacturer.model": "dc8",
        "device.manufacturer.name": "dc9",
        "device.os.installdate": "dc10",
        "device.microsoft.machine.guid": "dc11",
        "device.timezone.bias.hours": "dc12",
        "device.time.zone": "dc13",
        "device.os.type": "dc14",
        "device_os_version": "dc15",
        "device.antimalware.provider.enabled": "dc16",
        "device.firewall.provider.enabled": "dc17",
        "wss.wsc.protection.status": "dc18",
        "device.system.ram.available.mb": "dc19",
        "device.system.ram.mb": "dc20",
        "device.screen.resolution": "dc21",
        "device.type": "dc22",
        "wss.alertmanager.version": "dc23",
        "analytics.bootstrapfileversion": "dc24",
        "analytics.sdk.version": "dc25",
        "csp.clientid": "dc26",
        "ngm.wss.message.preuninstall.enabled": "dc27",
        "ngm.wss.message.registration.enabled": "dc28",
        "ngm.wss.message.subscriptionmilestone.enabled": "dc29",
        "ngm.wss.policyitem.scheduledtask.enabled": "dc30",
        "wss.csp.version": "dc31",
        "wss.modcore.version": "dc32",
        "wss.msad.uuid": "dc33",
        "wss.msad.version": "dc34",
        "mfe.mss.version": "dc35",
        "product_ngm_cohort_id": "dc36",
        "ngm.enabled": "dc37",
        "wss.entitlement.status": "dc38",
        "wss.registration.status": "dc39",
        "wss.jeula.status": "dc40",
        "product_oem_oc_sku": "dc41",
        "wss.registration.date": "dc42",
        "wss.sustainability.version": "dc43",
        "product_wss_affiliate_id": "dc44",
        "wss.amcore.version": "dc45",
        "legacy.cohort.id": "dc46",
        "wss.orion.activation.screen.version": "dc47",
        "wss.coreui.enabled": "dc48",
        "wss.coreui.module.version": "dc49",
        "wss.coreui.build.version": "dc50",
        "product_wss_culture_id": "dc51",
        "wss.eula.accepted.date.iso": "dc52",
        "product_wss_eula_state": "dc53",
        "wss.hardware.id": "dc54",
        "product_wss_install_date": "dc55",
        "product_wss_install_factory": "dc56",
        "wss.build.type": "dc57",
        "wss.mpf.version": "dc58",
        "wss.mps.version": "dc59",
        "wss.mqs.version": "dc60",
        "wss.msc.version": "dc61",
        "wss.msk.content.version": "dc62",
        "wss.msk.version": "dc63",
        "wss.ngm.version": "dc64",
        "wss.reboot.pending": "dc65",
        "product_wss_release_internal_name": "dc66",
        "wss.product.market.release.name": "dc67",
        "device.reseller.id": "dc68",
        "wss.software.id": "dc69",
        "wss.account.id": "dc70",
        "wss.subscription.affiliate.id": "dc71",
        "wss.subdb.applist": "dc72",
        "wss.flags.eula.set": "dc73",
        "product_wss_subscription_expiry_date": "dc74",
        "product_wss_subscription_expiry_remaining_days": "dc75",
        "wss.extended.expiry.date.iso": "dc76",
        "product_wss_subscription_extendedexpiry_remaining_days": "dc77",
        "product_wss_subscription_flex_package_id": "dc78",
        "wss.product.key": "dc79",
        "product_wss_subscription_package_id": "dc80",
        "product_wss_subscription_registered": "dc81",
        "wss.segment.id": "dc82",
        "wss.segment.type.config.id": "dc83",
        "wss.segment.type.id": "dc84",
        "product_wss_subscription_trial": "dc85",
        "wss.platform.systray.icon.status": "dc86",
        "wss.vscore.version": "dc87",
        "wss.vso.can.run": "dc88",
        "wss.vso.content.version": "dc89",
        "wss.vso.version": "dc90",
        "wss.vul.version": "dc91",
        "product_mss_install_date": "dc92",
        "product_mss_uuid": "dc93",
        "product_mss_affiliate_id": "dc94",
        "product_mss_abtest_id": "dc95",
        "product_mss_scan_scheduled_frequency": "dc96",
        "product_mss_dotnet_migration_id": "dc97",
        "product_mss_scan_custom_frequency": "dc98",
        "device.antimalware.provider.snoozed": "dc99",
        "device.antimalware.provider.off": "dc100",
        "device.firewall.provider.snoozed": "dc101",
        "device.firewall.provider.off": "dc102",
        "device_os_locale": "dc103",
        "product_wss_eula_accepted_activation_date": "dc104",
        "device.geo.id": "dc105",
        "device.env.qa": "dc106",
        "product_wss_oem_oobe_complete": "dc107",
        "product_wss_lenovo_vantage_plugin_version": "dc108",
        "device_uwp_os_architecture": "dc109",
        "device_uwp_microsoft_l3_featured_pc": "dc110",
        "device_uwp_os_type": "dc111",
        "device_uwp_os_version": "dc112",
        "device_uwp_cpu_model_description ": "dc113",
        "device_uwp_manufacturer_id ": "dc114",
        "device_uwp_manufacturer_model": "dc115",
        "device_uwp_manufacturer_name ": "dc116",
        "device_uwp_system_ram_available_mb ": "dc117",
        "device_uwp_timezone_bias_hours ": "dc118",
        "product_mcps_version": "dc119",
        "device_uwp_culture": "dc120",
        "device_uwp_mcafee_id": "dc121",
        "device_uwp_mcafee_id_type": "dc122",
        "product_mcps_affiliate_id": "dc123",
        "product_mcps_event_enviornment": "dc124",
        "product_mcps_provision_id": "dc125",
        "device_uwp_os_lockdown_mode": "dc126",
        "device_uwp_os_locale": "dc127",
        "device_uwp_screen_resolution": "dc128",
        "product_mcps_mcafee_installed_apps": "dc129",
        "product_mcps_pkg_id": "dc130",
        "product_mcps_sub_status": "dc131",
        "product_mcps_app_first_version": "dc132",
        "device_oobe_time_iso": "dc133",
        "analytics_datasets_catalog_version": "dc134",
        "analytics_da_definitions_version": "dc135",
        "analytics_dictionary_version": "dc136",
        "analytics_events_version": "dc137",
        "analytics_profile_version": "dc138",
        "analytics_data_items_version": "dc139",
        "device_vpn_names":"dc140",
        "device_vpn_names_enabled":"dc141",
        "mgs_profile_version":"dc142",
        "mgs_activepolicy_ABE":"dc143",
        "mgs_activepolicy_NAV":"dc144",
        "mgs_activepolicy_NBE":"dc145",
        "mgs_activepolicy_SUE":"dc146",
        "mgs_product_version":"dc147",
        "mgs_build_number":"dc148",
        "mgs_machine_id":"dc149",
        "mgs_nav_setting_wsc_state":"dc150",
        "mgs_nav_setting_rts_state":"dc151",
        "mgs_sub_status":"dc152",
        "mgs_sub_reason":"dc153",
        "mgs_account_id":"dc154",
        "mgs_affiliate_id":"dc155",
        "mgs_subscription_expiry_date":"dc156",
        "mgs_subscription_trial":"dc157",
        "mgs_device_provision_id":"dc158",
        "product_wss_vpn_integration": "dc159",
        "product_wss_vpn_deep_integration": "dc160",
        "product_wss_vpn_version": "dc161",
        "product_wss_coreui_visible_apps": "dc162",
        "product_wss_coreui_entitled_apps": "dc163",
        "product_wss_coreui_installed_apps": "dc164",
        "product_wss_vso_lam_fileless_enabled": "dc165",
        "product_wss_coreui_ux_id": "dc166",
        "product_mss_culture_id": "dc167",
        "product_wss_coreui_enabled_apps": "dc168",
        "product_wss_coreui_disabled_apps": "dc169",
        "product_wss_coreui_setup_apps": "dc170",
        "product_wss_csp_id": "rc0",
        "product_analytics_integration_type_static": "rc1",
        "product_wss_pdmgr_polaris_enabled": "rc2",
        "context_reserved_3": "rc3",
        "context_reserved_4": "rc4",
        "context_reserved_5": "rc5",
        "context_reserved_6": "rc6",
        "product_wss_msc_activation_time": "rc7",
        "product_wss_packages_additional_features": "rc8",
        "product_wss_softwaretag": "rc9",
        "product_analytics_automation_logs_enabled":"rc10",
        "vso_scan_id_2": "vso_scan_id_2",
        "vso_fixed_id_3": "vso_fixed_id_3",
        "vso_total_id_5": "vso_total_id_5",
        "fw_con_ver_id_6": "fw_con_ver_id_6",
        "fw_con_block_id_45": "fw_con_block_id_45",
        "vul_app_check_id_10": "vul_app_check_id_10",
        "vul_prg_upd_id_11": "vul_prg_upd_id_11",
        "vul_win_upd_id_12": "vul_win_upd_id_12",
        "vul_total_id_58": "vul_total_id_58",
        "qc_all_browser_id_15": "qc_all_browser_id_15",
        "qc_all_browser_id_16": "qc_all_browser_id_16",
        "qc_all_browser_id_17": "qc_all_browser_id_17",
        "qc_all_browser_id_18": "qc_all_browser_id_18",
        "qc_all_browser_id_19": "qc_all_browser_id_19",
        "qc_sys_file_id_20": "qc_sys_file_id_20",
        "firewall_blocked_33": "firewall_blocked_33",
        "qc_total_id_59": "qc_total_id_59",
        "shred_recycle_bin_id_27": "shred_recycle_bin_id_27",
        "shred_other_id_28": "shred_other_id_28",
        "shred_total_id_60": "shred_total_id_60",
        "hit_session_start_time":"hsst",
        "hit_timestamp_0":"ht0",
        "hit_timestamp_1":"ht1",
        "hit_timestamp_2":"ht2",
        "hit_timestamp_3":"ht3",
        "hit_timestamp_4":"ht4",
        "hit_timestamp_5":"ht5"
      },
      "dictionary_pps_mosaic": {
        "hit.userid": "did",
        "client_id": "cid",
        "device_platform": "ds1",
        "device_platform_version": "ds2",
        "Device.Manufacturer.Model": "ds3",
        "Device.Manufacturer.Name": "ds4",
        "device_os_locale": "ds5",
        "device_country_code": "ds6",
        "device_city": "ds7",
        "device.geo.id": "ds8",
        "device_os_timezone_name": "ds9",
        "Device.Screen.Resolution": "ds10",
        "device_type": "ds11",
        "device_useragent": "ds12",
        "user_account_id": "accid",
        "user_global_reference_id": "glbid",
        "user_provision_id": "pvid",
        "device_network_operator_name": "ds13",
        "device_network_mccmnc": "ds14",
        "product_app_id": "pps1",
        "product_affiliate_id": "pps2",
        "product_version": "pps3",
        "product_component_version": "pps4",
        "product_component_name": "pps5",
        "product_upgrade_date": "pps6",
        "product_package_id": "pps7",
        "product_subscription_expiry_date": "pps8",
        "product_productkey": "pps9",
        "product_subscription_status": "pps10",
        "product_subscription_type": "pps11",
        "product_sku": "pps12",
        "product_install_type": "pps13",
        "product_data_source": "pps14",
        "product_message_id": "pps15",
        "product_arn": "pps16",
        "product_idprotection_status": "pps17",
        "product_vpn_status": "pps18",
        "product_web_protection_status": "pps19",
        "product_antivirus_status": "pps20",
        "product_mobile_notification_permission": "pps21",
        "product_ab_test_group_id": "pps22",
        "product_publisher_id": "ppspid",
        "hit_type": "t",
        "hit_event_id": "hid",
        "analytics.content.version": "av",
        "__queue.time.milliseconds": "hqt",
        "__record.created": "hct",
        "hit_upload_time": "hut",
        "hit_feature": "hf",
        "hit_category_0": "hc0",
        "hit_action": "ha",
        "hit_trigger": "ht",
        "hit_engagement_interactive": "hei",
        "hit_screen": "hscn",
        "hit_session_id": "hsid",
        "hit_session_start_time": "hsst",
        "device_network_type": "dnt",
        "hit_guid": "hguid",
        "hit_label_0": "hl0",
        "hit_label_1": "hl1",
        "hit_label_2": "hl2",
        "hit_label_3": "hl3",
        "hit_label_4": "hl4",
        "hit_label_5": "hl5",
        "hit_label_6": "hl6",
        "hit_label_7": "hl7",
        "hit_label_8": "hl8",
        "hit_label_9": "hl9",
        "hit_label_10": "hl10",
        "hit_label_11": "hl11",
        "hit_label_12": "hl12",
        "hit_label_13": "hl13",
        "hit_label_14": "hl14",
        "hit_label_15": "hl15",
        "hit_label_16": "hl16",
        "hit_label_17": "hl17",
        "hit_label_18": "hl18",
        "hit_label_19": "hl19",
        "hit_label_20": "hl20",
        "hit_label_21": "hl21",
        "hit_label_22": "hl22",
        "hit_label_23": "hl23",
        "hit_label_24": "hl24",
        "hit_label_25": "hl25"
      },
      "dictionary_observability_framework": {
        "device.geo.id": "dc105",
        "analytics.content.version": "av",
        "device.env.qa": "dc106",
        "analytics.sdk.version": "dc25",
        "device.timezone.bias.hours": "dc12",
        "device.os.type": "dc14",
        "device_os_version": "dc15",
        "device.microsoft.machine.guid": "dc11",
        "device.antimalware.provider.enabled": "dc16",
        "device.system.ram.mb": "dc20",
        "device.cpu.model.description": "dc1",
        "device.firewall.provider.enabled": "dc17",
        "device_os_locale": "dc103",
        "wss.hardware.id": "dc54",
        "wss.software.id": "dc69",
        "wss.segment.id": "dc82",
        "wss.segment.type.id": "dc84",
        "wss.msc.version": "dc61",
        "wss.mpf.version": "dc58",
        "wss.mqs.version": "dc60",
        "wss.ngm.version": "dc64",
        "wss.vul.version": "dc91",
        "wss.vso.version": "dc90",
        "wss.vso.content.version": "dc89",
        "wss.amcore.version": "dc45",
        "wss.coreui.build.version": "dc50",
        "wss.csp.version": "dc31",
        "wss.msad.version": "dc34",
        "product_wss_subscription_package_id": "dc80",
        "wss.account.id": "dc70",
        "product_wss_subscription_trial": "dc85",
        "product_wss_subscription_flex_package_id": "dc78",
        "product_wss_culture_id": "dc51",
        "product_wss_release_internal_name": "dc66",
        "csp.clientid": "dc26",
        "wss.segment.type.config.id": "dc83",
        "product_wss_install_factory": "dc56",
        "wss.modcore.version": "dc32",
        "wss.alertmanager.version": "dc23",
        "product_wss_affiliate_id": "dc44",
        "product_wss_subscription_extendedexpiry_remaining_days": "dc77",
        "product_wss_subscription_expiry_remaining_days": "dc75",
        "wss.vscore.version": "dc87",
        "product_wss_install_date": "dc55",
        "wss.eula.accepted.date.iso": "dc52",
        "product_wss_subscription_expiry_date": "dc74",
        "wss.extended.expiry.date.iso": "dc76",
        "product_wss_subscription_registered": "dc81",
        "wss.sustainability.version": "dc43",
        "wss.reboot.pending": "dc65",
        "product_oem_oc_sku": "dc41",
        "product_wss_eula_state": "dc53",
        "wss.registration.status": "dc39",
        "wss.registration.date": "dc42",
        "wss.jeula.status": "dc40",
        "wss.entitlement.status": "dc38",
        "wss.subdb.applist": "dc72",
        "product_wss_oem_oobe_complete": "dc107",
        "product_wss_eula_accepted_activation_date": "dc104",
        "product_wss_msc_activation_time": "rc7",
        "product_wss_vpn_version": "dc161",
        "product_wss_vso_lam_fileless_enabled": "dc165",
        "product_ngm_cohort_id": "dc36",
        "__queue.time.milliseconds": "qt"
      }
    }
  }
}

